naics,category
446,Dry Retail
443,Dry Retail
448,Dry Retail
444,Dry Retail
447,Dry Retail
441,Dry Retail
442,Dry Retail
451,Dry Retail
452,Dry Retail
453,Dry Retail
445,Grocery
311,Grocery
722,Food and Beverage
522,Banks
812,Services
621,Services
524,Services
523,Services
813,Services
711,Services
491,Services
517,Services
713,Services
624,Services
611,Services
811,Services
541,Services
323,Services
238,Services
531,Services
623,Services
712,Services
532,Services
424,Services
339,Services
926,Services
482,Services
221,Services
562,Services
721,Services