"|","|__name","|__fullname","|__alias","|__conference","|__lat","|__lon","|__metroTotal","|__otherTotal"
"uAB","Alabama at Birmingham","University of Alabama at Birmingham","UAB","","33.503198","-86.80396","76.8","23.2"
"uAlabama","Alabama","University of Alabama","","SEC","33.214023","-87.539142","56.82","43.18"
"uAlbany","Albany","SUNY at Albany","","","42.68827","-73.819492","69.82","30.18"
"uAlbion ","Albion ","Albion College","","","42.244006","-84.745178","65.33","34.67"
"uAllegheny ","Allegheny ","Allegheny College","","","41.649349","-80.144949","75.48","24.52"
"uAmherst","Amherst","Amherst College","","","42.37091","-72.517003","64.56","35.44"
"uArizona","Arizona","University of Arizona","","Pac12","32.231885","-110.950109","83.16","16.84"
"uArkansas","Arkansas","University of Arkansas","","SEC","36.067832","-94.173655","50.34","49.66"
"uASU","Arizona State","Arizona State University","ASU","Pac12","34.412522","-109.410673","88.85","11.15"
"uAuburn","Auburn","Auburn University","","SEC","32.593357","-85.495166","54.42","45.58"
"uAugustana","Augustana (Ill.)","Augustana College Ill.","","","41.505105","-90.55071","66.29","33.71"
"uAustin","Austin","Austin College","","","33.64626","-96.594854","78.01","21.99"
"uBarnard","Barnard","Barnard College","","","40.809097","-73.963963","89.47","10.53"
"uBates","Bates","Bates College","","","44.105722","-70.202186","76.51","23.49"
"uBaylor","Baylor","Baylor University","","Big12","31.549841","-97.114315","73.87","26.13"
"uBeloit","Beloit","Beloit College","","","42.503033","-89.030905","65.01","34.99"
"uBenedict","Saint Benedict","College of Saint Benedict","St","","45.581304","-94.394288","40.52","59.48"
"uBerea","Berea","Berea College","","","37.575152","-84.288134","43.49","56.51"
"uBostonColl","Boston College","Boston College","","ACC","42.335549","-71.168495","86.8","13.2"
"uBostonU","Boston U.","Boston University","","","42.3505","-71.105399","86.86","13.14"
"uBowdoin","Bowdoin","Bowdoin College","","","43.907011","-69.965236","83.75","16.25"
"uBrandeis","Brandeis","Brandeis University","","","42.364989","-71.258663","89.77","10.23"
"uBrown","Brown","Brown University","","Ivy","41.826772","-71.402548","87","13"
"uBrynMawr","Bryn Mawr","Bryn Mawr College","","","40.028107","-75.315234","80.4","19.6"
"uBucknell","Bucknell","Bucknell University","","","40.954687","-76.883551","77.39","22.61"
"uBuffalo","Buffalo","University at Buffalo","UB","","42.896922","-78.868521","82.5","17.5"
"uButler","Butler","Butler University","","BigEast","39.841124","-86.171191","82.22","17.78"
"uCalifornia","California","University of California-Berkeley","","Pac12","37.871899","-122.25854","87.74","12.26"
"uCaltech","Caltech","California Institute of Technology","","","34.137658","-118.125269","84.63","15.37"
"uCarleton","Carleton","Carleton College","","","44.461304","-93.156084","64.7","35.3"
"uCarnegie","Carnegie Mellon","Carnegie Mellon University","CMU","","40.441318","-79.944229","88.49","11.51"
"uCaseWestern","Case Western Reserve","Case Western Reserve University","CWRU","","41.504341","-81.608384","80.13","19.87"
"uCentre","Centre","Centre College","","","37.645692","-84.781506","44.25","55.75"
"uCF","Central Florida","University of Central Florida","","","28.602427","-81.20006","79.17","20.83"
"uChicago","Chicago","University of Chicago","","","41.788608","-87.598713","87.44","12.56"
"uCincinnati","Cincinnati","University of Cincinnati","Cincy","","39.132922","-84.51495","85.6","14.4"
"uCLA","UCLA","University of California-Los Angeles","","Pac12","34.068921","-118.445181","89.99","10.01"
"uClaremontMcKenna","Claremont McKenna","Claremont McKenna College","","","34.101777","-117.707922","89.07","10.93"
"uClemson","Clemson","Clemson University","","ACC","34.676094","-82.836415","66.47","33.53"
"uColby","Colby","Colby College","","","44.563869","-69.662636","77.67","22.33"
"uColgate","Colgate","Colgate University","","","42.816615","-75.540176","79.48","20.52"
"uColorado","Colorado","University of Colorado","CU","Pac12","40.007581","-105.265942","73.14","26.86"
"uColoradoCollege","Colorado College","Colorado College","","","38.846594","-104.824394","68.72","31.28"
"uColoradoSt","Colorado State","Colorado State University","CSU","","40.573436","-105.086547","58.16","41.84"
"uColumbia","Columbia","Columbia University","","Ivy","40.807536","-73.962573","88.73","11.27"
"uConn","Uconn","University of Connecticut","Uconn","","41.807741","-72.253981","73.38","26.62"
"uConnCollege","Connecticut College","Connecticut College","","","41.378688","-72.104587","77.66","22.34"
"uCornell","Cornell","Cornell University","","Ivy","42.453449","-76.473503","75.92","24.08"
"uCornellC","Cornell (Iowa)","Cornell College","","","41.926955","-91.42535","62.84","37.16"
"uCreighton","Creighton","Creighton University","","BigEast","41.265311","-95.947192","76.33","23.67"
"uCUNY","CUNY, Graduate Center","City University of New York, Graduate Center","","","40.748449","-73.983492","85.45","14.55"
"uDartmouth","Dartmouth","Dartmouth College","","Ivy","43.704441","-72.288694","78.84","21.16"
"uDavidson","Davidson","Davidson College","","","35.501732","-80.846779","69.72","30.28"
"uDavis","UC Davis","University of California-Davis","","","38.536048","-121.749286","84.85","15.15"
"uDelaware","Delaware","University of Delaware","","","39.67795","-75.750611","85.55","14.45"
"uDenison","Denison","Denison University","","","40.073458","-82.522331","81.85","18.15"
"uDePaul","DePaul","DePaul University","","BigEast","41.925649","-87.654968","93.53","6.47"
"uDePauw","DePauw","DePauw University","","","39.639394","-86.862895","79.57","20.43"
"uDickinson","Dickinson","Dickinson College","","","40.202721","-77.197232","76.01","23.99"
"uDrew","Drew","Drew University","","","40.760567","-74.426977","84.31","15.69"
"uDuke","Duke","Duke University","","ACC","36.001426","-78.938229","66.73","33.27"
"uElizabethtown","Elizabethtown","Elizabethtown College","","","40.150325","-76.589792","46.87","53.13"
"uElon","Elon","Elon University","","","36.102753","-79.502357","60.45","39.55"
"uEmory","Emory","Emory University","","","33.79252","-84.323999","83.44","16.56"
"uFIU","Florida International","Florida International University","FIU","","25.756576","-80.373949","90.86","9.14"
"uFlorida","Florida","University of Florida","UF","SEC","29.643633","-82.35493","66.87","33.13"
"uFM","Franklin & Marshall","Franklin & Marshall College","FMC","","40.047526","-76.317902","75.92","24.08"
"uFSU","Florida State","Florida State University","FSU","ACC","30.441878","-84.298489","63.9","36.1"
"uFurman","Furman","Furman University","","","34.9237","-82.438269","71.4","28.6"
"uGaState","Georgia State","Georgia State University","","","33.753068","-84.385282","88.25","11.75"
"uGaTech","Georgia Tech","Georgia Institute of Technology","","ACC","33.775618","-84.396285","82.23","17.77"
"uGeorgetown","Georgetown","Georgetown University","","BigEast","38.907609","-77.072258","87.77","12.23"
"uGeorgia","Georgia","University of Georgia","","SEC","33.948005","-83.377322","67.73","32.27"
"uGettysburg","Gettysburg","Gettysburg College","","","39.834949","-77.232193","77.46","22.54"
"uGonzaga","Gonzaga","Gonzaga University","","","47.667189","-117.402385","62.31","37.69"
"uGustavus","Gustavus Adolphus","Gustavus Adolphus College","","","44.322162","-93.968777","42.5","57.5"
"uGWU","George Washington","George Washington University","GWU","","38.899715","-77.048599","87.32","12.68"
"uHamilton","Hamilton","Hamilton College","","","43.052587","-75.405044","66.56","33.44"
"uHanover","Hanover","Hanover College","","","38.71925","-85.462368","70.51","29.49"
"uHarvard","Harvard","Harvard University","","Ivy","42.377003","-71.11666","84.15","15.85"
"uHaverford","Haverford","Haverford College","","","40.006652","-75.305318","87.18","12.82"
"uHawaii","Hawai'i","University of Hawaii","","","21.299186","-157.817198","81.81","18.19"
"uHobartWilliam","Hobart and William Smith","Hobart and William Smith Colleges","HWS","","42.859153","-76.984487","80.29","19.71"
"uHolyCross","Holy Cross","College of the Holy Cross","","","42.239239","-71.807961","83.37","16.63"
"uHope","Hope","Hope College","","","42.78718","-86.102357","73.98","26.02"
"uHopkins","Johns Hopkins","Johns Hopkins University","","","39.329901","-76.620518","86.81","13.19"
"uHouston","Houston","University of Houston","","","29.719949","-95.342233","92.29","7.71"
"uIllinois","Illinois","University of Illinois","","Big10","40.101952","-88.227161","75.31","24.69"
"uIllinoisChicago","Illinois at Chicago","University of Illinois at Chicago","UIC","","41.87496","-87.658107","90.29","9.71"
"uIllinoisWesleyan","Illinois Wesleyan","Illinois Wesleyan University","IWU","","40.490889","-88.990654","71.15","28.85"
"uIndiana","Indiana","Indiana University","IU","Big10","39.16609","-86.526548","69.57","30.43"
"uIowa","Iowa","University of Iowa","","Big10","41.662696","-91.5549","59.93","40.07"
"uIowaSt","Iowa State","Iowa State University","ISU","Big12","42.026619","-93.646465","59.5","40.5"
"uIrvine","UC Irvine","University of California-Irvine","","","33.640495","-117.844296","91.36","8.64"
"uIthaca","Ithaca","Ithaca College","","","42.421658","-76.498564","73.47","26.53"
"uJuniata","Juniata","Juniata College","","","40.50014","-78.015898","53.64","46.36"
"uKalamazoo","Kalamazoo","Kalamazoo College","","","42.290035","-85.598145","63.36","36.64"
"uKansas","Kansas","University of Kansas","KU","Big12","38.954344","-95.255796","73.83","26.17"
"uKentucky","Kentucky","University of Kentucky","UK","SEC","38.030651","-84.50397","49.39","50.61"
"uKenyon","Kenyon","Kenyon College","","","40.371897","-82.398308","79.52","20.48"
"uKnox","Knox","Knox College","","","40.941889","-90.371867","65.63","34.37"
"uKState","Kansas State","Kansas State University","K State","Big12","39.197444","-96.584725","64.39","35.61"
"uLafayette","Lafayette","Lafayette College","","","40.69862","-75.20873","73.03","26.97"
"uLakeForest","Lake Forest","Lake Forest College","","","42.249058","-87.828913","86.16","13.84"
"uLawrence","Lawrence","Lawrence University","","","44.261576","-88.3981","64.37","35.63"
"uLewisClark","Lewis & Clark","Lewis & Clark College","LCC","","45.451742","-122.668863","82.13","17.87"
"uLinfield","Linfield","Linfield College","","","45.200606","-123.199224","71.55","28.45"
"uLouisville","Louisville","University of Louisville","","ACC","38.212276","-85.758502","83.12","16.88"
"uLSU","Louisiana State","Louisiana State University","LSU","SEC","30.413258","-91.180002","50.44","49.56"
"uMacalester","Macalester","Macalester College","","","44.939763","-93.168729","64.76","35.24"
"uManhattan","Manhattan","Manhattan College","","","40.889962","-73.901062","89.81","10.19"
"uMarietta","Marietta","Marietta College","","","39.414546","-81.449107","63.46","36.54"
"uMarquette","Marquette","Marquette University","","BigEast","43.038222","-87.929755","81.87","18.13"
"uMaryland","Maryland","University of Maryland","UMD","Big10","38.986918","-76.942554","85.99","14.01"
"uMason","George Mason","George Mason University","GMU","","38.831554","-77.312089","90.96","9.04"
"uMass","UMass","University of Massachusetts","Amherst","","42.391157","-72.526712","74.49","25.51"
"uMercer","Mercer","Mercer University","","","33.872925","-84.263179","69.25","30.75"
"uMiami","Miami","University of Miami","","ACC","25.719169","-80.277125","87.34","12.66"
"uMichigan","Michigan","University of Michigan","UM","Big10","42.278044","-83.738224","74.78","25.22"
"uMichiganSt","Michigan State","Michigan State University","MSU","Big10","42.701848","-84.482172","66.38","33.62"
"uMilwaukee","Wisconsin-Milwaukee","University of Wisconsin-Milwaukee","UWM","","43.078263","-87.881969","79.6","20.4"
"uMinnesota","Minnesota","University of Minnesota","Twin Cities","Big10","44.97399","-93.227729","50.3","49.7"
"uMiss","Ole Miss","University of Mississippi","","SEC","34.364732","-89.538443","63.69","36.31"
"uMissouri","Missouri","University of Missouri","Mizzou","SEC","38.940381","-92.327738","70.32","29.68"
"uMissSt","Mississippi State","Mississippi State University","MSU","SEC","33.455174","-88.794377","54.66","45.34"
"uMIT","MIT","Massachusetts Institute of Technology","","","42.360091","-71.09416","85.42","14.58"
"uMountHolyoke","Mount Holyoke","Mount Holyoke College","","","42.253254","-72.576139","71.56","28.44"
"uMuhlenberg","Muhlenberg","Muhlenberg College","","","40.597544","-75.510132","71.48","28.52"
"uNCState","North Carolina State","North Carolina State University","NC ","ACC","35.784663","-78.682095","53.52","46.48"
"uNebraska","Nebraska","University of Nebraska","","Big10","40.820197","-96.700476","57.45","42.55"
"uNewMexico","New Mexico","University of New Mexico","UNM","","35.084319","-106.619781","78.69","21.31"
"uNorthCarolina","North Carolina","University of North Carolina","UNC","ACC","35.904912","-79.046913","53.77","46.23"
"uNortheastern","Northeastern","Northeastern University","","","42.339807","-71.089172","88.12","11.88"
"uNorthwestern","Northwestern","Northwestern University","","Big10","42.056459","-87.675267","85.94","14.06"
"uNotreDame","Notre Dame","University of Notre Dame","","ACC","41.705572","-86.235339","75.16","24.84"
"uNTexas","North Texas","University of North Texas","UNT","","33.207488","-97.152586","89.43","10.57"
"uNYU","NYU","New York University","","","40.729513","-73.996461","91.07","8.93"
"uOberlin","Oberlin","Oberlin College","","","41.293483","-82.2236","82.68","17.32"
"uOccidental","Occidental","Occidental College","","","34.127362","-118.210504","87.63","12.37"
"uOhioSt","Ohio State","Ohio State University","OSU","Big10","40.014191","-83.030914","79.39","20.61"
"uOhioWesleyan","Ohio Wesleyan","Ohio Wesleyan University","","","40.296479","-83.069306","79.27","20.73"
"uOklahoma","Oklahoma","University of Oklahoma","OU","Big12","35.205894","-97.445714","83.18","16.82"
"uOklahomaSt","Oklahoma State","Oklahoma State University","OSU","Big12","36.127024","-97.073722","74.96","25.04"
"uOregon","Oregon","University of Oregon","UO","Pac12","44.04483","-123.072606","67.97","32.03"
"uOregonSt","Oregon State","Oregon State University","OSU","Pac12","44.563781","-123.279444","64","36"
"uPenn","Penn","University of Pennsylvania","Upenn","Ivy","39.952219","-75.193214","86.87","13.13"
"uPennState","Penn State","Pennsylvania State University","","Big10","40.798213","-77.859908","64.62","35.38"
"uPittsburgh","Pittsburgh","University of Pittsburgh","Pitt","ACC","40.444353","-79.960835","82.5","17.5"
"uPitzer","Pitzer","Pitzer College","","","34.104662","-117.704719","87.86","12.14"
"uPomona","Pomona","Pomona College","","","34.097743","-117.711803","87.33","12.67"
"uPrinceton","Princeton","Princeton University","","Ivy","40.343989","-74.651448","80.33","19.67"
"uProvidence","Providence","Providence College","PC","BigEast","41.844093","-71.438165","86.47","13.53"
"uPurdue","Purdue","Purdue University","","Big10","40.423705","-86.921195","66.12","33.88"
"uReed","Reed","Reed College","","","45.480978","-122.630372","71.37","28.63"
"uRhodes","Rhodes","Rhodes College","","","35.155084","-89.989287","78.66","21.34"
"uRice","Rice","Rice University","","","29.717394","-95.401831","85.89","14.11"
"uRiverside","UC Riverside","University of California-Riverside","","","33.973706","-117.328064","91.41","8.59"
"uRochester","Rochester","University of Rochester","","","43.130553","-77.626003","83.08","16.92"
"uRollins","Rollins","Rollins College","","","28.592242","-81.348326","78.13","21.87"
"uRutgers","Rutgers","Rutgers University","","Big10","40.497842","-74.446429","89.22","10.78"
"uSaintAnselm","Saint Anselm","Saint Anselm College","","","42.987472","-71.507231","77.84","22.16"
"uSaintMaryCA","Saint Mary's (Calif.)","Saint Mary's College (Calif.)","St","","37.841347","-122.110135","74.55","25.45"
"uSaintMarysIN","Saint Mary's (Ind.)","Saint Mary's College (Ind.)","St","","41.707304","-86.256745","72.61","27.39"
"uCSanDiego","UC San Diego","University of California-San Diego","","","32.88006","-117.234013","90.62","9.38"
"uSantaBarbara","UC Santa Barbara","University of California-Santa Barbara","","","34.413963","-119.848947","73.94","26.06"
"uSantaCruz","UC Santa Cruz","University of California-Santa Cruz","","","36.991474","-122.058297","79.77","20.23"
"uSC","Southern California","University of Southern California","USC","Pac12","34.022352","-118.285117","90.16","9.84"
"uSCarolina","South Carolina","University of South Carolina","USC","SEC","33.996112","-81.027428","45.5","54.5"
"uScripps","Scripps","Scripps College","","","34.103935","-117.710213","87.24","12.76"
"uSeattle","Seattle","Seattle University","","","47.609228","-122.317714","89.19","10.81"
"uSetonHall","Seton Hall","Seton Hall University","SHU","BigEast","40.743011","-74.2471","88.58","11.42"
"uSewanee","Sewanee","Sewanee-The University of the South","","","35.20518","-85.917661","65.16","34.84"
"uSF","South Florida","University of South Florida","USF","","28.058703","-82.413854","79.67","20.33"
"uSiena","Siena","Siena College","","","42.718452","-73.752195","49.43","50.57"
"uSimmons","Simmons","Simmons College","","","42.339366","-71.099936","85.17","14.83"
"uSkidmore","Skidmore","Skidmore College","","","43.097276","-73.784181","78.59","21.41"
"uSmith","Smith","Smith College","","","42.318096","-72.637234","72.3","27.7"
"uSpelman","Spelman","Spelman College","","","33.74636","-84.412293","89.61","10.39"
"uStanford","Stanford","Stanford University","","Pac12","37.427475","-122.169719","86.75","13.25"
"uStJohns","St. John's","St John's University","Saint","BigEast","40.721597","-73.79469","86.71","13.29"
"uStLawrence","St. Lawrence","St Lawrence University","Saint","","44.589212","-75.160881","65.67","34.33"
"uStMarysMD","St. Mary's (Md.)","St Mary's College of Maryland","Saint","","38.190926","-76.429031","82.46","17.54"
"uStOlaf","St. Olaf","St Olaf College","Saint","","44.461768","-93.182817","48.01","51.99"
"uStonehill","Stonehill","Stonehill College","","","42.059015","-71.080628","87.43","12.57"
"uStonyBrook","Stony Brook","Stony Brook University","SBU","","40.912376","-73.123389","88.83","11.17"
"uSusquehanna","Susquehanna","Susquehanna University","","","40.797327","-76.87448","62.98","37.02"
"uSwarthmore","Swarthmore","Swarthmore College","","","39.906841","-75.355648","84.1","15.9"
"uSyracuse","Syracuse","Syracuse University","","ACC","43.039153","-76.135116","70.89","29.11"
"uTAMU","Texas A&M","Texas A&M University","TAMU","SEC","30.618531","-96.336499","73.66","26.34"
"uTCU","Texas Christian","Texas Christian University","TCU","Big12","32.70953","-97.362795","88.28","11.72"
"uTemple","Temple","Temple University","","","39.981194","-75.155351","87.4","12.6"
"uTennessee","Tennessee","University of Tennessee","","SEC","35.954401","-83.929456","50.06","49.94"
"uTexas","Texas","University of Texas at Austin","","Big12","30.284919","-97.734057","87.71","12.29"
"uTexasArlington","Texas at Arlington","University of Texas at Arlington","UTA","","32.730108","-97.116252","90.4","9.6"
"uTexasDallas","Texas at Dallas","University of Texas at Dallas","UTD","","32.985762","-96.750099","93.59","6.41"
"uTexasTech","Texas Tech","Texas Tech University","TTU","Big12","30.245105","-98.84276","65.8","34.2"
"uTrinityCT","Trinity C. (Conn.)","Trinity College Conn.","","","41.747933","-72.690334","76.74","23.26"
"uTrinityTX","Trinity U. (Texas)","Trinity University Texas","","","29.461844","-98.483162","83.63","16.37"
"uTufts","Tufts","Tufts University","","","42.407484","-71.119023","86.89","13.11"
"uTulane","Tulane","Tulane University","","","29.940348","-90.120728","82.32","17.68"
"uUnion","Union","Union College","","","42.817017","-73.929805","64.22","35.78"
"uUtah","Utah","University of Utah","","Pac12","40.764937","-111.842102","79.34","20.66"
"uVanderbilt","Vanderbilt","Vanderbilt University","Vandy","SEC","36.144703","-86.802655","81.9","18.1"
"uVassar","Vassar","Vassar College","","","41.686799","-73.8957","85.42","14.58"
"uVaTech","Virginia Tech","Virginia Polytechnic Institute and State University","","ACC","37.228384","-80.423417","69.71","30.29"
"uVCU","Virginia Commonwealth","Virginia Commonwealth University","VCU","","37.546508","-77.45346","84.82","15.18"
"uVillanova","Villanova","Villanova University","","BigEast","40.037056","-75.34358","84.56","15.44"
"uVirginia","Virginia","University of Virginia","UVA","ACC","38.033553","-78.507977","73.06","26.94"
"uWake","Wake Forest","Wake Forest University","","ACC","36.13525","-80.276342","59.36","40.64"
"uWashington","Washington","University of Washington","UW","Pac12","47.655335","-122.30352","87.2","12.8"
"uWashU","Washington U. (Mo.)","Washington University St Louis Mo.","WashU","","38.64879","-90.310796","85.26","14.74"
"uWayne","Wayne State","Wayne State University","WSU","","42.359139","-83.066546","87.37","12.63"
"uWazzu","Washington State","Washington State University","WSU Wazzu","Pac12","46.731923","-117.154212","67.13","32.87"
"uWellesley","Wellesley","Wellesley College","","","42.293573","-71.305928","85.81","14.19"
"uWesleyan","Wesleyan","Wesleyan University","","","41.55661","-72.656904","84.5","15.5"
"uWheatonIL","Wheaton (Ill.)","Wheaton College Ill.","","","41.86833","-88.099622","78.8","21.2"
"uWheatonMA","Wheaton (Mass.)","Wheaton College Mass.","","","41.96801","-71.185194","62.32","37.68"
"uWhitman","Whitman","Whitman College","","","46.07058","-118.330635","72.86","27.14"
"uWillamette","Willamette","Willamette University","","","44.935971","-123.03186","70.45","29.55"
"uWilliams","Williams","Williams College","","","42.712804","-73.203021","76","24"
"uWisconsin","Wisconsin","University of Wisconsin-Madison","UW","Big10","43.076592","-89.412487","55.87","44.13"
"uWofford","Wofford","Wofford College","","","34.958066","-81.93449","47.71","52.29"
"uWooster","Wooster","The College of Wooster","","","40.81105","-81.933619","72.62","27.38"
"uWVU","West Virginia","West Virginia University","WVU","Big12","39.63614","-79.955936","62.03","37.97"
"uXavier","Xavier","Xavier University","XU","BigEast","39.149364","-84.474512","87.02","12.98"
"uYale","Yale","Yale University","","Ivy","41.316324","-72.922343","76.4","23.6"
"uAbileneChristian","Abilene Christian","Abilene Christian University","ACU","","32.469732","-99.708098","67.21","32.79"
"uAlabamaAM","Alabama A&M","Alabama A&M University","AAMU","","34.7846","-86.572","52.31","47.69"
"uAlabamaSt","Alabama State","Alabama State University","ASU","","32.363662","-86.294054","51.48","48.52"
"uAppState","Appalachian State","Appalachian State University","App State","","36.213484","-81.684145","44.87","55.13"
"uArkansasSt","Arkansas State","Arkansas State University","ASU","","35.843086","-90.674859","46.27","53.73"
"uAustinPeay","Austin Peay","Austin Peay State University","AP","","36.53498","-87.354886","49.14","50.86"
"uBallState","Ball State","Ball State University","BSU","","40.21475","-85.418382","63.3","36.7"
"uBelmont","Belmont","Belmont University","","","36.132898","-86.79407","85.25","14.75"
"uBethuneCookman","Bethune-Cookman","Bethune-Cookman University","BCU","","29.21101","-81.031575","70.49","29.51"
"uBoiseState","Boise State","Boise State University","","","43.603313","-116.201649","83.26","16.74"
"uBowlingGreen","Bowling Green","Bowling Green State University","","","41.379779","-83.630083","59.16","40.84"
"uBradley","Bradley","Bradley University","","","40.697774","-89.615348","63.62","36.38"
"uBYU","Brigham Young ","Brigham Young University Provo","BYU","","40.251844","-111.649316","71.73","28.27"
"uBryant","Bryant","Bryant University","","","41.921192","-71.537882","57.06","42.94"
"uCalPoly","Cal Poly","California Polytechnic State University-San Luis Obispo","","","35.30221","-120.665112","68.07","31.93"
"uCSUBakersfield","CSU Bakersfield","California State University-Bakersfield","CSUB","","35.348251","-119.103684","36.19","63.81"
"uFresno","Fresno State","California State University-Fresno","","","36.813364","-119.746094","36.73","63.27"
"uFullerton","Cal State Fullerton","California State University-Fullerton","CSUF","","33.882923","-117.886926","92.11","7.89"
"uLongBeach","Long Beach State","California State University-Long Beach","","","33.783824","-118.11409","91.29","8.71"
"uCSUNorthridge","CSU Northridge","California State University-Northridge","CSUN","","34.242591","-118.527712","85.9","14.1"
"uSacramento","Sacramento State","California State University-Sacramento","","","38.561144","-121.424042","84.17","15.83"
"uCampbell","Campbell","Campbell University","","","35.408337","-78.73943","42.89","57.11"
"uCanisius","Canisius","Canisius College","","","42.924834","-78.851485","86.24","13.76"
"uCCSU","Central Connecticut State","Central Connecticut State University","CCSU","","41.693255","-72.764167","76.96","23.04"
"uCMU","Central Michigan","Central Michigan University","CMU","","43.581909","-84.775636","64.56","35.44"
"uCharlestonSouthern","Charleston Southern","Charleston Southern University","","","32.982183","-80.070655","30.37","69.63"
"uChicagoState","Chicago State","Chicago State University","","","41.717958","-87.609374","94.17","5.83"
"uCitadel","The Citadel","Citadel Military College of South Carolina","","","32.797075","-79.960674","42.65","57.35"
"uCleveland","Cleveland State","Cleveland State University","","","41.502497","-81.674718","88.53","11.47"
"uCoastalCarolina","Coastal Carolina","Coastal Carolina University","","","33.794966","-79.01173","43.24","56.76"
"uCharleston","Charleston","College of Charleston","","","32.783612","-79.937176","42.52","57.48"
"uWilliamMary","William and Mary","College of William and Mary","&","","37.271674","-76.713378","82.44","17.56"
"uCoppin","Coppin State","Coppin State University","","","39.312614","-76.657906","94.63","5.37"
"uDelawareState","Delaware State","Delaware State University","","","39.186137","-75.542273","72.56","27.44"
"uDrake","Drake","Drake University","","","41.602913","-93.655298","77.65","22.35"
"uDrexel","Drexel","Drexel University","","","39.956613","-75.189944","86.94","13.06"
"uDuquesne","Duquesne","Duquesne University","","","40.437295","-79.990173","84.38","15.62"
"uEastCarolina","East Carolina","East Carolina University","ECU","","35.605511","-77.364565","42.7","57.3"
"uEastTenn","East Tennessee State","East Tennessee State University","ETSU","","36.302537","-82.370193","33.23","66.77"
"uEasternllinois","Eastern Illinois","Eastern Illinois University","EIU","","39.478029","-88.175905","64.71","35.29"
"uEasternKentucky","Eastern Kentucky","Eastern Kentucky University","EKU","","37.735321","-84.298672","39.63","60.37"
"uEMU","Eastern Michigan ","Eastern Michigan University","EMU","","42.25068","-83.624089","72.62","27.38"
"uEasternWashington","Eastern Washington","Eastern Washington University","EWU","","47.490616","-117.585481","42.69","57.31"
"uFairfield","Fairfield","Fairfield University","","","41.158764","-73.257362","74.79","25.21"
"uFairleighDickinson","Fairleigh Dickinson","Fairleigh Dickinson University","","","40.897793","-74.030864","89.58","10.42"
"uFAMU","Florida A&M","Florida Agricultural and Mechanical University","FAMU","","30.423894","-84.287445","63.63","36.37"
"uFAU","Florida Atlantic","Florida Atlantic University","FAU","","26.373528","-80.102218","86.82","13.18"
"uFCGU","Florida Gulf Coast","Florida Gulf Coast University","FGCU","","26.464321","-81.77339","34.63","65.37"
"uFordham","Fordham","Fordham University","","","40.86204","-73.885699","90.49","9.51"
"uGardnerWebb","Gardner-Webb","Gardner-Webb University","","","35.247563","-81.670737","47.93","52.07"
"uGaSouthern","Georgia Southern","Georgia Southern University","GSU","","32.420549","-81.786535","56.02","43.98"
"uGrambling","Grambling State","Grambling State University","","","32.521291","-92.719296","64.54","35.46"
"uGrandCanyon","Grand Canyon","Grand Canyon University","","","33.510165","-112.128786","73.27","26.73"
"uHampton","Hampton","Hampton University","","","37.022839","-76.33436","87.77","12.23"
"uHighPoint","High Point","High Point University","","","35.972384","-79.995308","42.79","57.21"
"uHofstra","Hofstra","Hofstra University","","","40.716792","-73.599404","92.02","7.98"
"uHoustonBaptist","Houston Baptist","Houston Baptist University","HBU","","29.695289","-95.515332","91.94","8.06"
"uHoward","Howard","Howard University","","","38.922684","-77.019438","89.42","10.58"
"uIdahoState","Idaho State","Idaho State University","","","42.862723","-112.429716","41.66","58.34"
"uIllinoisState","Illinois State","Illinois State University","","","40.512283","-88.99467","67.95","32.05"
"uIndianaState","Indiana State","Indiana State University","","","39.470531","-87.410374","56.69","43.31"
"uFortWayne","Fort Wayne","Indiana University-Purdue University-Fort Wayne","","","41.117335","-85.107782","22.48","77.52"
"uIUPUI","IUPUI","Indiana University-Purdue University-Indianapolis","","","39.773883","-86.176339","82.52","17.48"
"uIona","Iona","Iona College","","","40.927319","-73.786183","85.63","14.37"
"uJacksonState","Jackson State","Jackson State University","JSU","","32.296885","-90.206396","83.25","16.75"
"uJacksonvilleState","Jacksonville State","Jacksonville State University","JSU","","33.823059","-85.768108","47.47","52.53"
"uJacksonville","Jacksonville U.","Jacksonville University","","","30.352531","-81.607244","80.17","19.83"
"uJMU","James Madison","James Madison University","JMU","","38.435092","-78.869755","74.2","25.8"
"uKennesawState","Kennesaw State","Kennesaw State University","","","34.038078","-84.581572","77.03","22.97"
"uKentState","Kent State","Kent State University at Kent","","","41.149063","-81.341465","60.66","39.34"
"uLaSalle","La Salle","La Salle University","","","40.038756","-75.156632","86.96","13.04"
"uLamar","Lamar","Lamar University","","","30.040144","-94.075231","57.07","42.93"
"uLehigh","Lehigh","Lehigh University","","","40.606909","-75.378283","71.81","28.19"
"uLiberty","Liberty","Liberty University","","","37.352932","-79.176928","54.69","45.31"
"uLipscomb","Lipscomb","Lipscomb University","","","36.105632","-86.79999","83.4","16.6"
"uLIUBrooklyn","LIU Brooklyn","LIU Brooklyn","Long Island","","40.690849","-73.980508","90.63","9.37"
"uLaTech","Louisiana Tech","Louisiana Tech University","La","","32.526375","-92.64811","43.12","56.88"
"uLoyolaMarymount","Loyola Marymount","Loyola Marymount University","","","33.969818","-118.418497","92.92","7.08"
"uLoyolaChicago","Loyola Chicago","Loyola University Chicago","","","41.998997","-87.658192","89.88","10.12"
"uLoyolaMaryland","Loyola Maryland","Loyola University Maryland","","","39.347674","-76.617237","88.92","11.08"
"uMarist","Marist","Marist College","","","41.722457","-73.93412","36.94","63.06"
"uMarshall","Marshall","Marshall University","","","38.423533","-82.426314","47.22","52.78"
"uMcNeese","McNeese State","McNeese State University","","","30.178366","-93.215629","31.89","68.11"
"uMiamiOH","Miami  of Ohio","Miami University of Ohio","","","39.510533","-84.730877","82.02","17.98"
"uMTSU","Middle Tennessee State","Middle Tennessee State University","MTSU","","35.848611","-86.364881","81.14","18.86"
"uMVSU","Mississippi Valley State","Mississippi Valley State University","MVSU","","33.512698","-90.341672","60.24","39.76"
"uMissouriState","Missouri State","Missouri State University-Springfield","Mo","","37.200566","-93.28067","54.72","45.28"
"uMonmouth","Monmouth","Monmouth University","","","40.280456","-74.005811","90.53","9.47"
"uMontanaState","Montana State","Montana State University","MSU","","45.666756","-111.04981","45.49","54.51"
"uMorganState","Morgan State","Morgan State University","MSU","","39.343796","-76.584385","92.19","7.81"
"uMurrayState","Murray State","Murray State University","MSU","","36.616384","-88.321498","42.72","57.28"
"uNJIT","NJIT","New Jersey Institute of Technology","","","40.742335","-74.179341","91.05","8.95"
"uNewMexicoState","New Mexico State","New Mexico State University","NMSU","","32.278774","-106.747906","51.19","48.81"
"uNiagara","Niagara","Niagara University","","","43.136515","-79.03532","81.08","18.92"
"uNicholls","Nicholls State","Nicholls State University","NSU","","29.790742","-90.80286","38.55","61.45"
"uNorfolk","Norfolk State","Norfolk State University","NSU","","36.848016","-76.262085","88.07","11.93"
"uNCAT","North Carolina A&T","North Carolina A & T State University","NCAT","","36.07259","-79.773367","49.36","50.64"
"uNCC","North Carolina Central","North Carolina Central University","NCCU","","35.974737","-78.898101","45.26","54.74"
"uNDSU","North Dakota State","North Dakota State University","NDSU","","46.897753","-96.802437","57.92","42.08"
"uNorthernArizona","Northern Arizona","Northern Arizona University","NAU","","35.18519","-111.654707","72.17","27.83"
"uNorthernIllinois","Northern Illinois","Northern Illinois University","NIU","","41.934233","-88.774069","84.89","15.11"
"uNorthernKentucky","Northern Kentucky","Northern Kentucky University","NKU","","39.031803","-84.464383","88.74","11.26"
"uNorthwesternState","Northwestern State","Northwestern State University of Louisiana","NW","","31.748761","-93.097793","35.69","64.31"
"uOakland ","Oakland ","Oakland University","","","42.668848","-83.206641","87.8","12.2"
"uOhio","Ohio","Ohio University","","","39.324358","-82.101389","68.94","31.06"
"uODU","Old Dominion","Old Dominion University","ODU","","36.88561","-76.306778","82.87","17.13"
"uOralRoberts","Oral Roberts","Oral Roberts University","ORU","","36.051315","-95.951689","77.89","22.11"
"uPepperdine","Pepperdine","Pepperdine University","","","34.041405","-118.709581","88.14","11.86"
"uPortlandState","Portland State","Portland State University","","","45.510966","-122.683555","87.56","12.44"
"uPrairieView","Prairie View A&M","Prairie View A & M University","PVAMU","","30.11214","-95.986545","90.63","9.37"
"uPresbyterian","Presbyterian","Presbyterian College","","","34.465182","-81.877559","60.05","39.95"
"uQuinnipiac","Quinnipiac","Quinnipiac University","","","41.419682","-72.895218","72.54","27.46"
"uRadford","Radford","Radford University","","","37.138269","-80.550622","61.55","38.45"
"uRider","Rider","Rider University","","","40.279623","-74.738187","81.52","18.48"
"uRobertMorris","Robert Morris","Robert Morris University","RMU","","40.521551","-80.211922","88.19","11.81"
"uSacredHeart","Sacred Heart","Sacred Heart University","SHU","","41.22039","-73.2433","63.96","36.04"
"uSaintFrancis","Saint Francis","Saint Francis University","St SFU","","40.50382","-78.637619","56.37","43.63"
"uSaintJosephs","Saint Joseph's","Saint Joseph's University","St SJU","","39.994683","-75.241641","88.6","11.4"
"uSaint Louis","Saint Louis","Saint Louis University","St SLU Mo","","38.63546","-90.233823","84.31","15.69"
"uSaintPeters","Saint Peter's","Saint Peter's University","St","","40.727223","-74.071503","87.86","12.14"
"uSamHouston","Sam Houston State","Sam Houston State University","SHSU","","30.714662","-95.550244","79.61","20.39"
"uSamford ","Samford ","Samford University","","","33.464749","-86.793631","72.3","27.7"
"uSDSU","San Diego State","San Diego State University","SDSU","","32.775722","-117.071889","89.5","10.5"
"uSJSU","San Jose State","San Jose State University","SJSU","","37.335187","-121.881072","88.47","11.53"
"uSantaClara","Santa Clara","Santa Clara University","SCU","","37.349642","-121.938987","90.34","9.66"
"uSavannah","Savannah State","Savannah State University","","","32.024521","-81.062637","58.82","41.18"
"uSouthCarolinaState","South Carolina State","South Carolina State University","SCSU","","33.498344","-80.850149","45.56","54.44"
"uSouthDakotaState","South Dakota State","South Dakota State University","SDSU","","44.318946","-96.783968","51.36","48.64"
"uSoutheastMissouri","Southeast Missouri","Southeast Missouri State University","SeMo Mo","","37.314878","-89.528044","65.89","34.11"
"uSoutheasternLouisiana","Southeastern Louisiana","Southeastern Louisiana University","SeLa","","30.517316","-90.468857","46.86","53.14"
"uSouthernIllinois","Southern Illinois","Southern Illinois University-Carbondale","SIU","","37.713637","-89.217963","69.19","30.81"
"uSIUEdwardsville","Southern Illinois-Edwardsville","Southern Illinois University-Edwardsville","SIUE","","38.793098","-89.997945","83.85","16.15"
"uSMU","Southern Methodist","Southern Methodist University","SMU","","32.841218","-96.784517","89.75","10.25"
"uSouthern","Southern","Southern University and A&M College","","","30.526765","-91.193577","52.91","47.09"
"uSouthernUtah","Southern Utah","Southern Utah University","SUU","","37.676444","-113.071332","47.59","52.41"
"uStBonaventure","St. Bonaventure","St Bonaventure University","Saint","","42.078411","-78.482882","71.91","28.09"
"uStFrancis","St. Francis","St Francis College","Saint","","40.69323","-73.992165","84.56","15.44"
"uSFA","Stephen F Austin","Stephen F Austin State University","SFA","","31.621924","-94.646258","72.27","27.73"
"uStetson","Stetson","Stetson University","","","29.035664","-81.301505","68.85","31.15"
"uBinghamton","Binghamton","SUNY at Binghamton","","","42.089355","-75.969705","73.08","26.92"
"uTennState","Tennessee State","Tennessee State University","TSU","","36.166822","-86.827582","87.42","12.58"
"uTennTech","Tennessee Tech","Tennessee Technological University","TTU","","36.175903","-85.507022","51.93","48.07"
"uTexasAMCC","Texas A&M Corpus Christi","Texas A & M University-Corpus Christi","TAMU CC","","27.712745","-97.324143","50.5","49.5"
"uTexas Southern","Texas Southern","Texas Southern University","TSU","","29.721763","-95.360612","94.03","5.97"
"uTexasState","Texas State","Texas State University","TSU","","29.888411","-97.938351","89.04","10.96"
"uTowson","Towson","Towson University","","","39.392512","-76.612639","90.6","9.4"
"uTroy","Troy","Troy University","","","31.80189","-85.957228","42.43","57.57"
"uAirForce","Air Force","United States Air Force Academy","AFA","","38.998309","-104.861318","64.08","35.92"
"uArmy","Army","United States Military Academy","USMA","","41.391837","-73.962503","69.06","30.94"
"uNavy","Navy","United States Naval Academy","USNA","","38.982066","-76.483941","75.02","24.98"
"uAkron ","Akron ","University of Akron ","","","41.076655","-81.511339","56.97","43.03"
"uALR","Arkansas at Little Rock","University of Arkansas at Little Rock","UALR","","34.724057","-92.338887","80.96","19.04"
"uAPB","Arkansas at Pine Bluff","University of Arkansas at Pine Bluff","UAPB","","34.246872","-92.021339","68.81","31.19"
"uCentralArkansas","Central Arkansas","University of Central Arkansas","UCA","","35.078091","-92.457938","73.21","26.79"
"uDayton","Dayton","University of Dayton","","","39.7393","-84.179967","65.11","34.89"
"uDenver","Denver","University of Denver","","","39.676617","-104.961896","83.92","16.08"
"uDetroit","Detroit","University of Detroit Mercy","","","42.414062","-83.137903","86.57","13.43"
"uEvansville","Evansville","University of Evansville","","","37.973411","-87.532172","49.6","50.4"
"uHartford","Hartford","University of Hartford","","","41.798599","-72.714","82.69","17.31"
"uIdaho","Idaho","University of Idaho","","","46.728812","-117.012608","53.98","46.02"
"uLouisianaLafayette","Louisiana Lafayette","University of Louisiana at Lafayette","ULL","","30.21144","-92.020412","34.23","65.77"
"uLouisianaMonroe","Louisiana Monroe","University of Louisiana at Monroe","ULM","","32.5093","-92.1193","35.48","64.52"
"uMaine","Maine","University of Maine","","","44.90122","-68.666651","56.73","43.27"
"uMES","Maryland Eastern Shore","University of Maryland Eastern Shore","UMES","","38.210217","-75.6848","79.15","20.85"
"uMBC","UMBC","University of Maryland-Baltimore County","UMBC","","39.255613","-76.710975","90.9","9.1"
"uMassLowell","UMass-Lowell","University of Massachusetts-Lowell","","","42.650057","-71.324047","86.15","13.85"
"uMemphis","Memphis","University of Memphis","","","35.118741","-89.937141","85.41","14.59"
"uMKC","UMKC","University of Missouri-Kansas City","","","39.033554","-94.576026","86.43","13.57"
"uMontana","Montana","University of Montana","","","46.860067","-113.985208","44.92","55.08"
"uNO","Nebraska Omaha","University of Nebraska at Omaha","UNO","","41.25825","-96.010705","85.52","14.48"
"uNLV","UNLV","University of Nevada-Las Vegas","","","36.10852","-115.143171","86.91","13.09"
"uNevada","Nevada","University of Nevada-Reno","","","39.544192","-119.816397","39.81","60.19"
"uNewHampshire","New Hampshire","University of New Hampshire","UNH","","43.138948","-70.937025","77.44","22.56"
"uNewOrleans","New Orleans","University of New Orleans","UNO","","30.028596","-90.066036","82.71","17.29"
"uNCAsheville","UNC Asheville","University of North Carolina at Asheville","","","35.616292","-82.567313","35.26","64.74"
"uCharlotte","Charlotte","University of North Carolina at Charlotte","UNC","","35.307093","-80.735164","80.06","19.94"
"uNCGreensboro","UNC Greensboro","University of North Carolina at Greensboro","UNCG","","36.06893","-79.810198","34.65","65.35"
"uNCWilmington","UNC Wilmington","University of North Carolina Wilmington","UNCW","","34.223987","-77.870133","38.9","61.1"
"uNorthDakota","North Dakota","University of North Dakota","UND","","47.922891","-97.076801","44.41","55.59"
"uNorthFlorida","North Florida","University of North Florida","UNF","","30.26612","-81.507231","86.09","13.91"
"uNorthernColorado","Northern Colorado","University of Northern Colorado","UNC","","40.405512","-104.696038","64.45","35.55"
"uNorthernIowa","Northern Iowa","University of Northern Iowa","UNI","","42.513389","-92.462003","45.63","54.37"
"uPortland","Portland","University of Portland","","","45.573205","-122.727571","81.75","18.25"
"uRhodeIsland","Rhode Island","University of Rhode Island","URI","","41.486065","-71.530854","86.03","13.97"
"uRichmond","Richmond","University of Richmond","","","37.575868","-77.540974","84.84","15.16"
"uSanDiego","San Diego","University of San Diego","USD","","32.776873","-117.154901","89.41","10.59"
"uSanFrancisco","San Francisco","University of San Francisco","USF","","37.776647","-122.450683","88.13","11.87"
"uSouthAlabama","South Alabama","University of South Alabama","USA","","30.695941","-88.184236","33.89","66.11"
"uUpstate","South Carolina-Upstate","University of South Carolina-Upstate","USCU","","34.999247","-81.971272","57.64","42.36"
"uSouthDakota","South Dakota","University of South Dakota","USD","","42.788302","-96.925338","57.54","42.46"
"uSouthernMiss","Southern Mississippi","University of Southern Mississippi","USM","","31.330012","-89.334042","45.5","54.5"
"uTChattanooga","Tennessee-Chattanooga","University of Tennessee-Chattanooga","","","35.046407","-85.29447","36.82","63.18"
"uTMartin","Tennessee-Martin","University of Tennessee-Martin","","","36.341936","-88.864404","52.83","47.17"
"uTEP","UTEP","University of Texas at El Paso","","","31.770854","-106.504622","39.23","60.77"
"uTSA","Texas at San Antonio","University of Texas at San Antonio","UTSA","","29.583045","-98.619656","90.09","9.91"
"uRioGrandeValley","Texas Rio Grande Valley","University of Texas Rio Grande Valley","","","26.304653","-98.174275","34.37","65.63"
"uIncarnateWord","Incarnate Word","University of the Incarnate Word","","","29.467594","-98.467622","88.04","11.96"
"uPacific","Pacific","University of the Pacific","","","37.980815","-121.312023","72.06","27.94"
"uToledo","Toledo","University of Toledo","","","41.658031","-83.61407","45.08","54.92"
"uTulsa","Tulsa","University of Tulsa","","","36.151988","-95.946","85.06","14.94"
"uVermont","Vermont","University of Vermont","","","44.477853","-73.196464","77.93","22.07"
"uGreen Bay","Wisconsin-Green Bay","University of Wisconsin-Green Bay","","","44.532073","-87.921714","25.24","74.76"
"uWyoming","Wyoming","University of Wyoming","","","41.314875","-105.566574","53.31","46.69"
"uUtahState","Utah State","Utah State University","USU","","41.745161","-111.809742","55.92","44.08"
"uUtahValley","Utah Valley","Utah Valley University","UVU","","40.278831","-111.715197","38.26","61.74"
"uValparaiso","Valparaiso","Valparaiso University","Valpo","","41.463939","-87.043889","76.93","23.07"
"uWagner","Wagner","Wagner College","","","40.61498","-74.094405","88.27","11.73"
"uWeber State","Weber State","Weber State University","","","41.192077","-111.944139","54.09","45.91"
"uWesternCarolina","Western Carolina","Western Carolina University","WCU","","35.308922","-83.184378","40.47","59.53"
"uWesternIllinois","Western Illinois","Western Illinois University","WIU","","40.472665","-90.685397","63.38","36.62"
"uWesternKentucky","Western Kentucky","Western Kentucky University","WKU","","36.985354","-86.456138","53.51","46.49"
"uWesternMichigan","Western Michigan","Western Michigan University","WMU","","42.283734","-85.610251","58.42","41.58"
"uWichitaState","Wichita State","Wichita State University","WSU","","37.719393","-97.292869","85.5","14.5"
"uWinthrop","Winthrop","Winthrop University","","","34.939514","-81.03162","69.92","30.08"
"uWrightState","Wright State","Wright State University","WSU","","39.784532","-84.059772","42.17","57.83"
"uYoungstownState","Youngstown State","Youngstown State University","YSU","","41.10626","-80.6477","40.49","59.51"
"uAugustanaSD","Augustana U. (S.D)","Augustana University Sioux Falls SD","","","43.5226","-96.7397","62.86","37.14"
"uMiddlebury","Middlebury","Middlebury College","","","44.0083","-73.1773","77.45","22.55"
